sample_id,probability
S07-T00-T01,0.5684055869468255
S07-T00-T02,0.45013301628939
S07-T00-T03,0.41129188892930874
S07-T00-T04,0.7589746598369822
S07-T00-T05,0.6706679462524452
S07-T00-T06,0.4599584918932923
S07-T00-T07,0.6067909684080379
S07-T00-T08,0.6162039070747604
S07-T00-T09,0.6347649276881878
S07-T00-T10,0.40173266281691467
S07-T00-T11,0.4796954927559282
S07-T01-T02,0.37352559065070373
S07-T01-T03,0.3372405840546526
S07-T01-T04,0.6963714600217954
S07-T01-T05,0.5972980412872064
S07-T01-T06,0.38284313560139066
S07-T01-T07,0.5291805193574292
S07-T01-T08,0.5390399693724164
S07-T01-T09,0.5586599787760929
S07-T01-T10,0.3284422490227796
S07-T01-T11,0.40173266281691467
S07-T02-T03,0.45013301628939
S07-T02-T04,0.7867692994995286
S07-T02-T05,0.7046836233199191
S07-T02-T06,0.49949607916922767
S07-T02-T07,0.643901199367943
S07-T02-T08,0.6529338875225891
S07-T02-T09,0.6706679462524452
S07-T02-T10,0.44034628747463544
S07-T02-T11,0.5192982462609054
S07-T03-T04,0.812152009956443
S07-T03-T05,0.7365659577434869
S07-T03-T06,0.5390399693724164
S07-T03-T07,0.6793597743277595
S07-T03-T08,0.6879289468473477
S07-T03-T09,0.7046836233199191
S07-T03-T10,0.4796954927559282
S07-T03-T11,0.558659978776093
S07-T04-T05,0.38284313560139066
S07-T04-T06,0.20599869499014978
S07-T04-T07,0.3197627081815816
S07-T04-T08,0.3284422490227796
S07-T04-T09,0.3461531233539721
S07-T04-T10,0.16981254469548393
S07-T04-T11,0.21926268951830527
S07-T05-T06,0.28631346829194193
S07-T05-T07,0.4209185431960288
S07-T05-T08,0.4306057091208209
S07-T05-T09,0.45013301628939
S07-T05-T10,0.24028864356911528
S07-T05-T11,0.3027768299880592
S07-T06-T07,0.6347649276881878
S07-T06-T08,0.6439011993679429
S07-T06-T09,0.6618577770277354
S07-T06-T10,0.43060570912082086
S07-T06-T11,0.5094008503343035
S07-T07-T08,0.49949607916922756
S07-T07-T09,0.5192982462609054
S07-T07-T10,0.29447812321915756
S07-T07-T11,0.3643009551036464
S07-T08-T09,0.5094008503343035
S07-T08-T10,0.28631346829194193
S07-T08-T11,0.35517497558415445
S07-T09-T10,0.2703981216497833
S07-T09-T11,0.3372405840546527
S07-T10-T11,0.5684055869468255
S08-T00-T01,0.5321785611335921
S08-T00-T02,0.4137229119916454
S08-T00-T03,0.39728065025994197
S08-T00-T04,0.713682677890185
S08-T00-T05,0.6392878463144366
S08-T00-T06,0.4220192216957129
S08-T00-T07,0.5743016992023995
S08-T00-T08,0.5991063483668213
S08-T00-T09,0.6072695492764825
S08-T00-T10,0.38106711113433656
S08-T00-T11,0.44715539248448194
S08-T01-T02,0.3730562379825282
S08-T01-T03,0.3572453454537738
S08-T01-T04,0.6776091741282549
S08-T01-T05,0.5991063483668213
S08-T01-T06,0.38106711113433656
S08-T01-T07,0.5321785611335921
S08-T01-T08,0.5575467008681111
S08-T01-T09,0.5659430398273468
S08-T01-T10,0.3417392888967886
S08-T01-T11,0.40547527967120806
S08-T02-T03,0.4725646243362943
S08-T02-T04,0.7721153874880415
S08-T02-T05,0.7066629235018317
S08-T02-T06,0.4981167882520516
S08-T02-T07,0.647114784418035
S08-T02-T08,0.6701138015552702
S08-T02-T09,0.6776091741282548
S08-T02-T10,0.45560113182767664
S08-T02-T11,0.5236787926842945
S08-T03-T04,0.7838944145962409
S08-T03-T05,0.7206008634006879
S08-T03-T06,0.5151652857059221
S08-T03-T07,0.6625309543008084
S08-T03-T08,0.6850142942981707
S08-T03-T09,0.6923265544963875
S08-T03-T10,0.4725646243362943
S08-T03-T11,0.540659694980394
S08-T04-T05,0.40547527967120806
S08-T04-T06,0.21934856254118154
S08-T04-T07,0.3417392888967886
S08-T04-T08,0.36511442663017835
S08-T04-T09,0.3730562379825281
S08-T04-T10,0.1915456170317637
S08-T04-T11,0.23737093472941093
S08-T05-T06,0.2832487247210205
S08-T05-T07,0.4220192216957129
S08-T05-T08,0.44715539248448194
S08-T05-T09,0.45560113182767675
S08-T05-T10,0.2499394815613342
S08-T05-T11,0.3044736115661699
S08-T06-T07,0.6392878463144366
S08-T06-T08,0.6625309543008084
S08-T06-T09,0.6701138015552702
S08-T06-T10,0.44715539248448194
S08-T06-T11,0.5151652857059221
S08-T07-T08,0.5151652857059221
S08-T07-T09,0.5236787926842945
S08-T07-T10,0.3044736115661699
S08-T07-T11,0.36511442663017835
S08-T08-T09,0.4981167882520516
S08-T08-T10,0.2832487247210205
S08-T08-T11,0.3417392888967886
S08-T09-T10,0.2763759715888916
S08-T09-T11,0.3341088777767786
S08-T10-T11,0.5575467008681111
