sample_id,season,target,label_available_at_season,prior_win_rate_difference,prior_game_count_difference
S01-T00-T01,1,0,2,0.0,0
S01-T00-T02,1,1,2,0.0,0
S01-T00-T03,1,0,2,0.0,0
S01-T00-T04,1,1,2,0.0,0
S01-T00-T05,1,1,2,0.0,0
S01-T00-T06,1,0,2,0.0,0
S01-T00-T07,1,0,2,0.0,0
S01-T00-T08,1,0,2,0.0,0
S01-T00-T09,1,1,2,0.0,0
S01-T00-T10,1,0,2,0.0,0
S01-T00-T11,1,0,2,0.0,0
S01-T01-T02,1,1,2,0.0,0
S01-T01-T03,1,1,2,0.0,0
S01-T01-T04,1,1,2,0.0,0
S01-T01-T05,1,1,2,0.0,0
S01-T01-T06,1,0,2,0.0,0
S01-T01-T07,1,0,2,0.0,0
S01-T01-T08,1,0,2,0.0,0
S01-T01-T09,1,0,2,0.0,0
S01-T01-T10,1,0,2,0.0,0
S01-T01-T11,1,0,2,0.0,0
S01-T02-T03,1,0,2,0.0,0
S01-T02-T04,1,1,2,0.0,0
S01-T02-T05,1,1,2,0.0,0
S01-T02-T06,1,0,2,0.0,0
S01-T02-T07,1,1,2,0.0,0
S01-T02-T08,1,1,2,0.0,0
S01-T02-T09,1,1,2,0.0,0
S01-T02-T10,1,0,2,0.0,0
S01-T02-T11,1,0,2,0.0,0
S01-T03-T04,1,1,2,0.0,0
S01-T03-T05,1,1,2,0.0,0
S01-T03-T06,1,1,2,0.0,0
S01-T03-T07,1,1,2,0.0,0
S01-T03-T08,1,1,2,0.0,0
S01-T03-T09,1,1,2,0.0,0
S01-T03-T10,1,0,2,0.0,0
S01-T03-T11,1,1,2,0.0,0
S01-T04-T05,1,0,2,0.0,0
S01-T04-T06,1,0,2,0.0,0
S01-T04-T07,1,0,2,0.0,0
S01-T04-T08,1,0,2,0.0,0
S01-T04-T09,1,0,2,0.0,0
S01-T04-T10,1,0,2,0.0,0
S01-T04-T11,1,1,2,0.0,0
S01-T05-T06,1,0,2,0.0,0
S01-T05-T07,1,1,2,0.0,0
S01-T05-T08,1,0,2,0.0,0
S01-T05-T09,1,0,2,0.0,0
S01-T05-T10,1,0,2,0.0,0
S01-T05-T11,1,1,2,0.0,0
S01-T06-T07,1,1,2,0.0,0
S01-T06-T08,1,1,2,0.0,0
S01-T06-T09,1,1,2,0.0,0
S01-T06-T10,1,0,2,0.0,0
S01-T06-T11,1,0,2,0.0,0
S01-T07-T08,1,0,2,0.0,0
S01-T07-T09,1,1,2,0.0,0
S01-T07-T10,1,0,2,0.0,0
S01-T07-T11,1,1,2,0.0,0
S01-T08-T09,1,1,2,0.0,0
S01-T08-T10,1,1,2,0.0,0
S01-T08-T11,1,0,2,0.0,0
S01-T09-T10,1,0,2,0.0,0
S01-T09-T11,1,1,2,0.0,0
S01-T10-T11,1,1,2,0.0,0
S02-T00-T01,2,1,3,-0.07692307692307693,0
S02-T00-T02,2,0,3,-0.07692307692307693,0
S02-T00-T03,2,0,3,-0.38461538461538464,0
S02-T00-T04,2,1,3,0.23076923076923078,0
S02-T00-T05,2,1,3,0.07692307692307693,0
S02-T00-T06,2,1,3,-0.30769230769230765,0
S02-T00-T07,2,1,3,-0.07692307692307693,0
S02-T00-T08,2,0,3,-0.23076923076923078,0
S02-T00-T09,2,1,3,0.0,0
S02-T00-T10,2,1,3,-0.4615384615384615,0
S02-T00-T11,2,1,3,-0.07692307692307693,0
S02-T01-T02,2,0,3,0.0,0
S02-T01-T03,2,1,3,-0.3076923076923077,0
S02-T01-T04,2,0,3,0.3076923076923077,0
S02-T01-T05,2,0,3,0.15384615384615385,0
S02-T01-T06,2,0,3,-0.23076923076923073,0
S02-T01-T07,2,1,3,0.0,0
S02-T01-T08,2,0,3,-0.15384615384615385,0
S02-T01-T09,2,1,3,0.07692307692307693,0
S02-T01-T10,2,0,3,-0.3846153846153846,0
S02-T01-T11,2,1,3,0.0,0
S02-T02-T03,2,1,3,-0.3076923076923077,0
S02-T02-T04,2,1,3,0.3076923076923077,0
S02-T02-T05,2,1,3,0.15384615384615385,0
S02-T02-T06,2,1,3,-0.23076923076923073,0
S02-T02-T07,2,1,3,0.0,0
S02-T02-T08,2,1,3,-0.15384615384615385,0
S02-T02-T09,2,1,3,0.07692307692307693,0
S02-T02-T10,2,1,3,-0.3846153846153846,0
S02-T02-T11,2,0,3,0.0,0
S02-T03-T04,2,1,3,0.6153846153846154,0
S02-T03-T05,2,1,3,0.46153846153846156,0
S02-T03-T06,2,1,3,0.07692307692307698,0
S02-T03-T07,2,1,3,0.3076923076923077,0
S02-T03-T08,2,0,3,0.15384615384615385,0
S02-T03-T09,2,1,3,0.38461538461538464,0
S02-T03-T10,2,0,3,-0.07692307692307687,0
S02-T03-T11,2,1,3,0.3076923076923077,0
S02-T04-T05,2,0,3,-0.15384615384615385,0
S02-T04-T06,2,0,3,-0.5384615384615384,0
S02-T04-T07,2,0,3,-0.3076923076923077,0
S02-T04-T08,2,0,3,-0.46153846153846156,0
S02-T04-T09,2,0,3,-0.23076923076923078,0
S02-T04-T10,2,0,3,-0.6923076923076923,0
S02-T04-T11,2,0,3,-0.3076923076923077,0
S02-T05-T06,2,0,3,-0.3846153846153846,0
S02-T05-T07,2,0,3,-0.15384615384615385,0
S02-T05-T08,2,1,3,-0.3076923076923077,0
S02-T05-T09,2,0,3,-0.07692307692307693,0
S02-T05-T10,2,0,3,-0.5384615384615384,0
S02-T05-T11,2,1,3,-0.15384615384615385,0
S02-T06-T07,2,1,3,0.23076923076923073,0
S02-T06-T08,2,1,3,0.07692307692307687,0
S02-T06-T09,2,1,3,0.30769230769230765,0
S02-T06-T10,2,0,3,-0.15384615384615385,0
S02-T06-T11,2,0,3,0.23076923076923073,0
S02-T07-T08,2,0,3,-0.15384615384615385,0
S02-T07-T09,2,0,3,0.07692307692307693,0
S02-T07-T10,2,1,3,-0.3846153846153846,0
S02-T07-T11,2,0,3,0.0,0
S02-T08-T09,2,1,3,0.23076923076923078,0
S02-T08-T10,2,1,3,-0.23076923076923073,0
S02-T08-T11,2,0,3,0.15384615384615385,0
S02-T09-T10,2,0,3,-0.4615384615384615,0
S02-T09-T11,2,0,3,-0.07692307692307693,0
S02-T10-T11,2,0,3,0.3846153846153846,0
S03-T00-T01,3,0,4,0.12499999999999994,0
S03-T00-T02,3,0,4,-0.125,0
S03-T00-T03,3,0,4,-0.16666666666666674,0
S03-T00-T04,3,1,4,0.41666666666666663,0
S03-T00-T05,3,1,4,0.20833333333333331,0
S03-T00-T06,3,0,4,-0.08333333333333337,0
S03-T00-T07,3,1,4,0.16666666666666663,0
S03-T00-T08,3,1,4,-0.08333333333333337,0
S03-T00-T09,3,1,4,0.20833333333333331,0
S03-T00-T10,3,1,4,-0.16666666666666674,0
S03-T00-T11,3,0,4,0.0,0
S03-T01-T02,3,1,4,-0.24999999999999994,0
S03-T01-T03,3,1,4,-0.2916666666666667,0
S03-T01-T04,3,0,4,0.2916666666666667,0
S03-T01-T05,3,1,4,0.08333333333333337,0
S03-T01-T06,3,1,4,-0.20833333333333331,0
S03-T01-T07,3,1,4,0.041666666666666685,0
S03-T01-T08,3,0,4,-0.20833333333333331,0
S03-T01-T09,3,1,4,0.08333333333333337,0
S03-T01-T10,3,0,4,-0.2916666666666667,0
S03-T01-T11,3,0,4,-0.12499999999999994,0
S03-T02-T03,3,0,4,-0.04166666666666674,0
S03-T02-T04,3,1,4,0.5416666666666666,0
S03-T02-T05,3,1,4,0.3333333333333333,0
S03-T02-T06,3,1,4,0.04166666666666663,0
S03-T02-T07,3,1,4,0.29166666666666663,0
S03-T02-T08,3,1,4,0.04166666666666663,0
S03-T02-T09,3,1,4,0.3333333333333333,0
S03-T02-T10,3,1,4,-0.04166666666666674,0
S03-T02-T11,3,1,4,0.125,0
S03-T03-T04,3,1,4,0.5833333333333334,0
S03-T03-T05,3,1,4,0.37500000000000006,0
S03-T03-T06,3,1,4,0.08333333333333337,0
S03-T03-T07,3,0,4,0.33333333333333337,0
S03-T03-T08,3,1,4,0.08333333333333337,0
S03-T03-T09,3,1,4,0.37500000000000006,0
S03-T03-T10,3,1,4,0.0,0
S03-T03-T11,3,1,4,0.16666666666666674,0
S03-T04-T05,3,0,4,-0.20833333333333331,0
S03-T04-T06,3,0,4,-0.5,0
S03-T04-T07,3,1,4,-0.25,0
S03-T04-T08,3,0,4,-0.5,0
S03-T04-T09,3,0,4,-0.20833333333333331,0
S03-T04-T10,3,0,4,-0.5833333333333334,0
S03-T04-T11,3,0,4,-0.41666666666666663,0
S03-T05-T06,3,0,4,-0.2916666666666667,0
S03-T05-T07,3,1,4,-0.041666666666666685,0
S03-T05-T08,3,0,4,-0.2916666666666667,0
S03-T05-T09,3,0,4,0.0,0
S03-T05-T10,3,1,4,-0.37500000000000006,0
S03-T05-T11,3,1,4,-0.20833333333333331,0
S03-T06-T07,3,1,4,0.25,0
S03-T06-T08,3,0,4,0.0,0
S03-T06-T09,3,1,4,0.2916666666666667,0
S03-T06-T10,3,0,4,-0.08333333333333337,0
S03-T06-T11,3,0,4,0.08333333333333337,0
S03-T07-T08,3,1,4,-0.25,0
S03-T07-T09,3,0,4,0.041666666666666685,0
S03-T07-T10,3,1,4,-0.33333333333333337,0
S03-T07-T11,3,1,4,-0.16666666666666663,0
S03-T08-T09,3,0,4,0.2916666666666667,0
S03-T08-T10,3,0,4,-0.08333333333333337,0
S03-T08-T11,3,0,4,0.08333333333333337,0
S03-T09-T10,3,0,4,-0.37500000000000006,0
S03-T09-T11,3,0,4,-0.20833333333333331,0
S03-T10-T11,3,0,4,0.16666666666666674,0
S04-T00-T01,4,1,5,0.057142857142857106,0
S04-T00-T02,4,1,5,-0.17142857142857149,0
S04-T00-T03,4,0,5,-0.20000000000000007,0
S04-T00-T04,4,1,5,0.39999999999999997,0
S04-T00-T05,4,1,5,0.19999999999999996,0
S04-T00-T06,4,0,5,-0.02857142857142858,0
S04-T00-T07,4,1,5,0.17142857142857137,0
S04-T00-T08,4,1,5,0.0,0
S04-T00-T09,4,1,5,0.19999999999999996,0
S04-T00-T10,4,1,5,-0.08571428571428574,0
S04-T00-T11,4,1,5,-0.02857142857142858,0
S04-T01-T02,4,1,5,-0.2285714285714286,0
S04-T01-T03,4,1,5,-0.2571428571428572,0
S04-T01-T04,4,1,5,0.34285714285714286,0
S04-T01-T05,4,1,5,0.14285714285714285,0
S04-T01-T06,4,0,5,-0.08571428571428569,0
S04-T01-T07,4,1,5,0.11428571428571427,0
S04-T01-T08,4,1,5,-0.057142857142857106,0
S04-T01-T09,4,1,5,0.14285714285714285,0
S04-T01-T10,4,0,5,-0.14285714285714285,0
S04-T01-T11,4,0,5,-0.08571428571428569,0
S04-T02-T03,4,1,5,-0.02857142857142858,0
S04-T02-T04,4,1,5,0.5714285714285714,0
S04-T02-T05,4,1,5,0.37142857142857144,0
S04-T02-T06,4,1,5,0.1428571428571429,0
S04-T02-T07,4,1,5,0.34285714285714286,0
S04-T02-T08,4,1,5,0.17142857142857149,0
S04-T02-T09,4,1,5,0.37142857142857144,0
S04-T02-T10,4,0,5,0.08571428571428574,0
S04-T02-T11,4,1,5,0.1428571428571429,0
S04-T03-T04,4,1,5,0.6000000000000001,0
S04-T03-T05,4,1,5,0.4,0
S04-T03-T06,4,1,5,0.17142857142857149,0
S04-T03-T07,4,0,5,0.37142857142857144,0
S04-T03-T08,4,1,5,0.20000000000000007,0
S04-T03-T09,4,0,5,0.4,0
S04-T03-T10,4,0,5,0.11428571428571432,0
S04-T03-T11,4,0,5,0.17142857142857149,0
S04-T04-T05,4,0,5,-0.2,0
S04-T04-T06,4,0,5,-0.42857142857142855,0
S04-T04-T07,4,0,5,-0.2285714285714286,0
S04-T04-T08,4,0,5,-0.39999999999999997,0
S04-T04-T09,4,1,5,-0.2,0
S04-T04-T10,4,0,5,-0.4857142857142857,0
S04-T04-T11,4,0,5,-0.42857142857142855,0
S04-T05-T06,4,0,5,-0.22857142857142854,0
S04-T05-T07,4,0,5,-0.02857142857142858,0
S04-T05-T08,4,0,5,-0.19999999999999996,0
S04-T05-T09,4,0,5,0.0,0
S04-T05-T10,4,0,5,-0.2857142857142857,0
S04-T05-T11,4,1,5,-0.22857142857142854,0
S04-T06-T07,4,1,5,0.19999999999999996,0
S04-T06-T08,4,1,5,0.02857142857142858,0
S04-T06-T09,4,1,5,0.22857142857142854,0
S04-T06-T10,4,0,5,-0.05714285714285716,0
S04-T06-T11,4,1,5,0.0,0
S04-T07-T08,4,1,5,-0.17142857142857137,0
S04-T07-T09,4,1,5,0.02857142857142858,0
S04-T07-T10,4,0,5,-0.2571428571428571,0
S04-T07-T11,4,0,5,-0.19999999999999996,0
S04-T08-T09,4,0,5,0.19999999999999996,0
S04-T08-T10,4,0,5,-0.08571428571428574,0
S04-T08-T11,4,0,5,-0.02857142857142858,0
S04-T09-T10,4,0,5,-0.2857142857142857,0
S04-T09-T11,4,0,5,-0.22857142857142854,0
S04-T10-T11,4,0,5,0.05714285714285716,0
S05-T00-T01,5,1,6,0.08695652173913049,0
S05-T00-T02,5,0,6,-0.10869565217391297,0
S05-T00-T03,5,1,6,-0.06521739130434778,0
S05-T00-T04,5,0,6,0.4782608695652174,0
S05-T00-T05,5,1,6,0.30434782608695654,0
S05-T00-T06,5,1,6,0.0,0
S05-T00-T07,5,0,6,0.2173913043478261,0
S05-T00-T08,5,1,6,0.15217391304347833,0
S05-T00-T09,5,0,6,0.28260869565217395,0
S05-T00-T10,5,1,6,-0.06521739130434778,0
S05-T00-T11,5,0,6,0.021739130434782594,0
S05-T01-T02,5,1,6,-0.19565217391304346,0
S05-T01-T03,5,0,6,-0.15217391304347827,0
S05-T01-T04,5,1,6,0.3913043478260869,0
S05-T01-T05,5,1,6,0.21739130434782605,0
S05-T01-T06,5,0,6,-0.08695652173913049,0
S05-T01-T07,5,1,6,0.13043478260869562,0
S05-T01-T08,5,1,6,0.06521739130434784,0
S05-T01-T09,5,0,6,0.19565217391304346,0
S05-T01-T10,5,0,6,-0.15217391304347827,0
S05-T01-T11,5,0,6,-0.0652173913043479,0
S05-T02-T03,5,0,6,0.04347826086956519,0
S05-T02-T04,5,0,6,0.5869565217391304,0
S05-T02-T05,5,1,6,0.4130434782608695,0
S05-T02-T06,5,1,6,0.10869565217391297,0
S05-T02-T07,5,1,6,0.3260869565217391,0
S05-T02-T08,5,1,6,0.2608695652173913,0
S05-T02-T09,5,1,6,0.3913043478260869,0
S05-T02-T10,5,0,6,0.04347826086956519,0
S05-T02-T11,5,0,6,0.13043478260869557,0
S05-T03-T04,5,1,6,0.5434782608695652,0
S05-T03-T05,5,0,6,0.3695652173913043,0
S05-T03-T06,5,0,6,0.06521739130434778,0
S05-T03-T07,5,1,6,0.2826086956521739,0
S05-T03-T08,5,1,6,0.2173913043478261,0
S05-T03-T09,5,1,6,0.34782608695652173,0
S05-T03-T10,5,1,6,0.0,0
S05-T03-T11,5,1,6,0.08695652173913038,0
S05-T04-T05,5,0,6,-0.1739130434782609,0
S05-T04-T06,5,0,6,-0.4782608695652174,0
S05-T04-T07,5,0,6,-0.26086956521739135,0
S05-T04-T08,5,0,6,-0.32608695652173914,0
S05-T04-T09,5,0,6,-0.1956521739130435,0
S05-T04-T10,5,0,6,-0.5434782608695652,0
S05-T04-T11,5,0,6,-0.4565217391304348,0
S05-T05-T06,5,0,6,-0.30434782608695654,0
S05-T05-T07,5,1,6,-0.08695652173913043,0
S05-T05-T08,5,0,6,-0.15217391304347822,0
S05-T05-T09,5,0,6,-0.021739130434782594,0
S05-T05-T10,5,0,6,-0.3695652173913043,0
S05-T05-T11,5,1,6,-0.28260869565217395,0
S05-T06-T07,5,0,6,0.2173913043478261,0
S05-T06-T08,5,1,6,0.15217391304347833,0
S05-T06-T09,5,1,6,0.28260869565217395,0
S05-T06-T10,5,0,6,-0.06521739130434778,0
S05-T06-T11,5,0,6,0.021739130434782594,0
S05-T07-T08,5,1,6,-0.06521739130434778,0
S05-T07-T09,5,0,6,0.06521739130434784,0
S05-T07-T10,5,0,6,-0.2826086956521739,0
S05-T07-T11,5,0,6,-0.19565217391304351,0
S05-T08-T09,5,0,6,0.13043478260869562,0
S05-T08-T10,5,0,6,-0.2173913043478261,0
S05-T08-T11,5,0,6,-0.13043478260869573,0
S05-T09-T10,5,0,6,-0.34782608695652173,0
S05-T09-T11,5,0,6,-0.26086956521739135,0
S05-T10-T11,5,1,6,0.08695652173913038,0
S06-T00-T01,6,1,7,0.08771929824561397,0
S06-T00-T02,6,0,7,-0.08771929824561409,0
S06-T00-T03,6,0,7,-0.08771929824561409,0
S06-T00-T04,6,1,7,0.45614035087719296,0
S06-T00-T05,6,1,7,0.2807017543859649,0
S06-T00-T06,6,1,7,0.0,0
S06-T00-T07,6,0,7,0.21052631578947367,0
S06-T00-T08,6,0,7,0.19298245614035087,0
S06-T00-T09,6,1,7,0.22807017543859648,0
S06-T00-T10,6,0,7,-0.10526315789473684,0
S06-T00-T11,6,1,7,-0.01754385964912286,0
S06-T01-T02,6,0,7,-0.17543859649122806,0
S06-T01-T03,6,0,7,-0.17543859649122806,0
S06-T01-T04,6,0,7,0.368421052631579,0
S06-T01-T05,6,0,7,0.19298245614035092,0
S06-T01-T06,6,0,7,-0.08771929824561397,0
S06-T01-T07,6,1,7,0.1228070175438597,0
S06-T01-T08,6,1,7,0.10526315789473689,0
S06-T01-T09,6,1,7,0.1403508771929825,0
S06-T01-T10,6,0,7,-0.1929824561403508,0
S06-T01-T11,6,0,7,-0.10526315789473684,0
S06-T02-T03,6,0,7,0.0,0
S06-T02-T04,6,0,7,0.543859649122807,0
S06-T02-T05,6,1,7,0.368421052631579,0
S06-T02-T06,6,0,7,0.08771929824561409,0
S06-T02-T07,6,1,7,0.29824561403508776,0
S06-T02-T08,6,1,7,0.28070175438596495,0
S06-T02-T09,6,0,7,0.31578947368421056,0
S06-T02-T10,6,0,7,-0.01754385964912275,0
S06-T02-T11,6,0,7,0.07017543859649122,0
S06-T03-T04,6,1,7,0.543859649122807,0
S06-T03-T05,6,1,7,0.368421052631579,0
S06-T03-T06,6,1,7,0.08771929824561409,0
S06-T03-T07,6,0,7,0.29824561403508776,0
S06-T03-T08,6,0,7,0.28070175438596495,0
S06-T03-T09,6,1,7,0.31578947368421056,0
S06-T03-T10,6,1,7,-0.01754385964912275,0
S06-T03-T11,6,1,7,0.07017543859649122,0
S06-T04-T05,6,0,7,-0.17543859649122806,0
S06-T04-T06,6,0,7,-0.45614035087719296,0
S06-T04-T07,6,0,7,-0.24561403508771928,0
S06-T04-T08,6,0,7,-0.2631578947368421,0
S06-T04-T09,6,0,7,-0.22807017543859648,0
S06-T04-T10,6,0,7,-0.5614035087719298,0
S06-T04-T11,6,0,7,-0.4736842105263158,0
S06-T05-T06,6,0,7,-0.2807017543859649,0
S06-T05-T07,6,0,7,-0.07017543859649122,0
S06-T05-T08,6,0,7,-0.08771929824561403,0
S06-T05-T09,6,0,7,-0.05263157894736842,0
S06-T05-T10,6,0,7,-0.38596491228070173,0
S06-T05-T11,6,1,7,-0.29824561403508776,0
S06-T06-T07,6,1,7,0.21052631578947367,0
S06-T06-T08,6,1,7,0.19298245614035087,0
S06-T06-T09,6,1,7,0.22807017543859648,0
S06-T06-T10,6,1,7,-0.10526315789473684,0
S06-T06-T11,6,1,7,-0.01754385964912286,0
S06-T07-T08,6,1,7,-0.017543859649122806,0
S06-T07-T09,6,1,7,0.017543859649122806,0
S06-T07-T10,6,0,7,-0.3157894736842105,0
S06-T07-T11,6,0,7,-0.22807017543859653,0
S06-T08-T09,6,0,7,0.03508771929824561,0
S06-T08-T10,6,0,7,-0.2982456140350877,0
S06-T08-T11,6,0,7,-0.21052631578947373,0
S06-T09-T10,6,0,7,-0.3333333333333333,0
S06-T09-T11,6,0,7,-0.24561403508771934,0
S06-T10-T11,6,1,7,0.08771929824561397,0
S07-T00-T01,7,1,8,0.11764705882352944,0
S07-T00-T02,7,0,8,-0.05882352941176472,0
S07-T00-T03,7,0,8,-0.11764705882352944,0
S07-T00-T04,7,1,8,0.4411764705882353,0
S07-T00-T05,7,0,8,0.27941176470588236,0
S07-T00-T06,7,0,8,-0.044117647058823484,0
S07-T00-T07,7,0,8,0.17647058823529416,0
S07-T00-T08,7,1,8,0.19117647058823534,0
S07-T00-T09,7,0,8,0.22058823529411764,0
S07-T00-T10,7,0,8,-0.13235294117647056,0
S07-T00-T11,7,0,8,-0.014705882352941124,0
S07-T01-T02,7,0,8,-0.17647058823529416,0
S07-T01-T03,7,0,8,-0.23529411764705888,0
S07-T01-T04,7,1,8,0.32352941176470584,0
S07-T01-T05,7,1,8,0.16176470588235292,0
S07-T01-T06,7,0,8,-0.16176470588235292,0
S07-T01-T07,7,1,8,0.05882352941176472,0
S07-T01-T08,7,1,8,0.0735294117647059,0
S07-T01-T09,7,1,8,0.1029411764705882,0
S07-T01-T10,7,1,8,-0.25,0
S07-T01-T11,7,0,8,-0.13235294117647056,0
S07-T02-T03,7,0,8,-0.05882352941176472,0
S07-T02-T04,7,1,8,0.5,0
S07-T02-T05,7,0,8,0.3382352941176471,0
S07-T02-T06,7,0,8,0.014705882352941235,0
S07-T02-T07,7,1,8,0.23529411764705888,0
S07-T02-T08,7,1,8,0.25000000000000006,0
S07-T02-T09,7,1,8,0.27941176470588236,0
S07-T02-T10,7,1,8,-0.07352941176470584,0
S07-T02-T11,7,1,8,0.044117647058823595,0
S07-T03-T04,7,0,8,0.5588235294117647,0
S07-T03-T05,7,0,8,0.3970588235294118,0
S07-T03-T06,7,0,8,0.07352941176470595,0
S07-T03-T07,7,1,8,0.2941176470588236,0
S07-T03-T08,7,1,8,0.3088235294117648,0
S07-T03-T09,7,0,8,0.3382352941176471,0
S07-T03-T10,7,1,8,-0.014705882352941124,0
S07-T03-T11,7,0,8,0.10294117647058831,0
S07-T04-T05,7,1,8,-0.16176470588235295,0
S07-T04-T06,7,1,8,-0.48529411764705876,0
S07-T04-T07,7,0,8,-0.2647058823529411,0
S07-T04-T08,7,1,8,-0.24999999999999997,0
S07-T04-T09,7,1,8,-0.22058823529411767,0
S07-T04-T10,7,0,8,-0.5735294117647058,0
S07-T04-T11,7,0,8,-0.4558823529411764,0
S07-T05-T06,7,0,8,-0.32352941176470584,0
S07-T05-T07,7,0,8,-0.1029411764705882,0
S07-T05-T08,7,0,8,-0.08823529411764702,0
S07-T05-T09,7,1,8,-0.05882352941176472,0
S07-T05-T10,7,0,8,-0.4117647058823529,0
S07-T05-T11,7,0,8,-0.2941176470588235,0
S07-T06-T07,7,1,8,0.22058823529411764,0
S07-T06-T08,7,0,8,0.23529411764705882,0
S07-T06-T09,7,1,8,0.2647058823529411,0
S07-T06-T10,7,0,8,-0.08823529411764708,0
S07-T06-T11,7,1,8,0.02941176470588236,0
S07-T07-T08,7,1,8,0.01470588235294118,0
S07-T07-T09,7,0,8,0.044117647058823484,0
S07-T07-T10,7,1,8,-0.3088235294117647,0
S07-T07-T11,7,0,8,-0.19117647058823528,0
S07-T08-T09,7,1,8,0.029411764705882304,0
S07-T08-T10,7,0,8,-0.3235294117647059,0
S07-T08-T11,7,0,8,-0.20588235294117646,0
S07-T09-T10,7,0,8,-0.3529411764705882,0
S07-T09-T11,7,1,8,-0.23529411764705876,0
S07-T10-T11,7,1,8,0.11764705882352944,0
S08-T00-T01,8,0,9,0.06329113924050633,0
S08-T00-T02,8,0,9,-0.11392405063291133,0
S08-T00-T03,8,0,9,-0.1392405063291139,0
S08-T00-T04,8,1,9,0.35443037974683544,0
S08-T00-T05,8,0,9,0.22784810126582278,0
S08-T00-T06,8,1,9,-0.10126582278481011,0
S08-T00-T07,8,0,9,0.12658227848101267,0
S08-T00-T08,8,0,9,0.16455696202531644,0
S08-T00-T09,8,1,9,0.17721518987341772,0
S08-T00-T10,8,0,9,-0.16455696202531644,0
S08-T00-T11,8,0,9,-0.06329113924050633,0
S08-T01-T02,8,0,9,-0.17721518987341767,0
S08-T01-T03,8,1,9,-0.20253164556962022,0
S08-T01-T04,8,1,9,0.2911392405063291,0
S08-T01-T05,8,1,9,0.16455696202531644,0
S08-T01-T06,8,1,9,-0.16455696202531644,0
S08-T01-T07,8,0,9,0.06329113924050633,0
S08-T01-T08,8,1,9,0.10126582278481011,0
S08-T01-T09,8,1,9,0.11392405063291139,0
S08-T01-T10,8,0,9,-0.22784810126582278,0
S08-T01-T11,8,1,9,-0.12658227848101267,0
S08-T02-T03,8,1,9,-0.025316455696202556,0
S08-T02-T04,8,1,9,0.4683544303797468,0
S08-T02-T05,8,1,9,0.3417721518987341,0
S08-T02-T06,8,0,9,0.012658227848101222,0
S08-T02-T07,8,1,9,0.240506329113924,0
S08-T02-T08,8,1,9,0.2784810126582278,0
S08-T02-T09,8,0,9,0.29113924050632906,0
S08-T02-T10,8,0,9,-0.05063291139240511,0
S08-T02-T11,8,0,9,0.050632911392405,0
S08-T03-T04,8,0,9,0.49367088607594933,0
S08-T03-T05,8,0,9,0.36708860759493667,0
S08-T03-T06,8,0,9,0.03797468354430378,0
S08-T03-T07,8,1,9,0.26582278481012656,0
S08-T03-T08,8,0,9,0.30379746835443033,0
S08-T03-T09,8,1,9,0.3164556962025316,0
S08-T03-T10,8,0,9,-0.025316455696202556,0
S08-T03-T11,8,0,9,0.07594936708860756,0
S08-T04-T05,8,0,9,-0.12658227848101267,0
S08-T04-T06,8,0,9,-0.45569620253164556,0
S08-T04-T07,8,1,9,-0.22784810126582278,0
S08-T04-T08,8,0,9,-0.189873417721519,0
S08-T04-T09,8,0,9,-0.17721518987341772,0
S08-T04-T10,8,0,9,-0.5189873417721519,0
S08-T04-T11,8,1,9,-0.4177215189873418,0
S08-T05-T06,8,1,9,-0.3291139240506329,0
S08-T05-T07,8,0,9,-0.10126582278481011,0
S08-T05-T08,8,0,9,-0.06329113924050633,0
S08-T05-T09,8,0,9,-0.050632911392405056,0
S08-T05-T10,8,0,9,-0.3924050632911392,0
S08-T05-T11,8,0,9,-0.2911392405063291,0
S08-T06-T07,8,1,9,0.22784810126582278,0
S08-T06-T08,8,0,9,0.26582278481012656,0
S08-T06-T09,8,1,9,0.27848101265822783,0
S08-T06-T10,8,0,9,-0.06329113924050633,0
S08-T06-T11,8,0,9,0.03797468354430378,0
S08-T07-T08,8,0,9,0.03797468354430378,0
S08-T07-T09,8,0,9,0.050632911392405056,0
S08-T07-T10,8,1,9,-0.2911392405063291,0
S08-T07-T11,8,0,9,-0.189873417721519,0
S08-T08-T09,8,1,9,0.012658227848101278,0
S08-T08-T10,8,1,9,-0.3291139240506329,0
S08-T08-T11,8,0,9,-0.22784810126582278,0
S08-T09-T10,8,0,9,-0.34177215189873417,0
S08-T09-T11,8,0,9,-0.24050632911392406,0
S08-T10-T11,8,0,9,0.10126582278481011,0
