sample_id,season,team_a,team_b,label_available_at_season,target
S01-T00-T01,1,0,1,2,0
S01-T00-T02,1,0,2,2,1
S01-T00-T03,1,0,3,2,0
S01-T00-T04,1,0,4,2,1
S01-T00-T05,1,0,5,2,1
S01-T00-T06,1,0,6,2,0
S01-T00-T07,1,0,7,2,0
S01-T00-T08,1,0,8,2,0
S01-T00-T09,1,0,9,2,1
S01-T00-T10,1,0,10,2,0
S01-T00-T11,1,0,11,2,0
S01-T01-T02,1,1,2,2,1
S01-T01-T03,1,1,3,2,1
S01-T01-T04,1,1,4,2,1
S01-T01-T05,1,1,5,2,1
S01-T01-T06,1,1,6,2,0
S01-T01-T07,1,1,7,2,0
S01-T01-T08,1,1,8,2,0
S01-T01-T09,1,1,9,2,0
S01-T01-T10,1,1,10,2,0
S01-T01-T11,1,1,11,2,0
S01-T02-T03,1,2,3,2,0
S01-T02-T04,1,2,4,2,1
S01-T02-T05,1,2,5,2,1
S01-T02-T06,1,2,6,2,0
S01-T02-T07,1,2,7,2,1
S01-T02-T08,1,2,8,2,1
S01-T02-T09,1,2,9,2,1
S01-T02-T10,1,2,10,2,0
S01-T02-T11,1,2,11,2,0
S01-T03-T04,1,3,4,2,1
S01-T03-T05,1,3,5,2,1
S01-T03-T06,1,3,6,2,1
S01-T03-T07,1,3,7,2,1
S01-T03-T08,1,3,8,2,1
S01-T03-T09,1,3,9,2,1
S01-T03-T10,1,3,10,2,0
S01-T03-T11,1,3,11,2,1
S01-T04-T05,1,4,5,2,0
S01-T04-T06,1,4,6,2,0
S01-T04-T07,1,4,7,2,0
S01-T04-T08,1,4,8,2,0
S01-T04-T09,1,4,9,2,0
S01-T04-T10,1,4,10,2,0
S01-T04-T11,1,4,11,2,1
S01-T05-T06,1,5,6,2,0
S01-T05-T07,1,5,7,2,1
S01-T05-T08,1,5,8,2,0
S01-T05-T09,1,5,9,2,0
S01-T05-T10,1,5,10,2,0
S01-T05-T11,1,5,11,2,1
S01-T06-T07,1,6,7,2,1
S01-T06-T08,1,6,8,2,1
S01-T06-T09,1,6,9,2,1
S01-T06-T10,1,6,10,2,0
S01-T06-T11,1,6,11,2,0
S01-T07-T08,1,7,8,2,0
S01-T07-T09,1,7,9,2,1
S01-T07-T10,1,7,10,2,0
S01-T07-T11,1,7,11,2,1
S01-T08-T09,1,8,9,2,1
S01-T08-T10,1,8,10,2,1
S01-T08-T11,1,8,11,2,0
S01-T09-T10,1,9,10,2,0
S01-T09-T11,1,9,11,2,1
S01-T10-T11,1,10,11,2,1
S02-T00-T01,2,0,1,3,1
S02-T00-T02,2,0,2,3,0
S02-T00-T03,2,0,3,3,0
S02-T00-T04,2,0,4,3,1
S02-T00-T05,2,0,5,3,1
S02-T00-T06,2,0,6,3,1
S02-T00-T07,2,0,7,3,1
S02-T00-T08,2,0,8,3,0
S02-T00-T09,2,0,9,3,1
S02-T00-T10,2,0,10,3,1
S02-T00-T11,2,0,11,3,1
S02-T01-T02,2,1,2,3,0
S02-T01-T03,2,1,3,3,1
S02-T01-T04,2,1,4,3,0
S02-T01-T05,2,1,5,3,0
S02-T01-T06,2,1,6,3,0
S02-T01-T07,2,1,7,3,1
S02-T01-T08,2,1,8,3,0
S02-T01-T09,2,1,9,3,1
S02-T01-T10,2,1,10,3,0
S02-T01-T11,2,1,11,3,1
S02-T02-T03,2,2,3,3,1
S02-T02-T04,2,2,4,3,1
S02-T02-T05,2,2,5,3,1
S02-T02-T06,2,2,6,3,1
S02-T02-T07,2,2,7,3,1
S02-T02-T08,2,2,8,3,1
S02-T02-T09,2,2,9,3,1
S02-T02-T10,2,2,10,3,1
S02-T02-T11,2,2,11,3,0
S02-T03-T04,2,3,4,3,1
S02-T03-T05,2,3,5,3,1
S02-T03-T06,2,3,6,3,1
S02-T03-T07,2,3,7,3,1
S02-T03-T08,2,3,8,3,0
S02-T03-T09,2,3,9,3,1
S02-T03-T10,2,3,10,3,0
S02-T03-T11,2,3,11,3,1
S02-T04-T05,2,4,5,3,0
S02-T04-T06,2,4,6,3,0
S02-T04-T07,2,4,7,3,0
S02-T04-T08,2,4,8,3,0
S02-T04-T09,2,4,9,3,0
S02-T04-T10,2,4,10,3,0
S02-T04-T11,2,4,11,3,0
S02-T05-T06,2,5,6,3,0
S02-T05-T07,2,5,7,3,0
S02-T05-T08,2,5,8,3,1
S02-T05-T09,2,5,9,3,0
S02-T05-T10,2,5,10,3,0
S02-T05-T11,2,5,11,3,1
S02-T06-T07,2,6,7,3,1
S02-T06-T08,2,6,8,3,1
S02-T06-T09,2,6,9,3,1
S02-T06-T10,2,6,10,3,0
S02-T06-T11,2,6,11,3,0
S02-T07-T08,2,7,8,3,0
S02-T07-T09,2,7,9,3,0
S02-T07-T10,2,7,10,3,1
S02-T07-T11,2,7,11,3,0
S02-T08-T09,2,8,9,3,1
S02-T08-T10,2,8,10,3,1
S02-T08-T11,2,8,11,3,0
S02-T09-T10,2,9,10,3,0
S02-T09-T11,2,9,11,3,0
S02-T10-T11,2,10,11,3,0
S03-T00-T01,3,0,1,4,0
S03-T00-T02,3,0,2,4,0
S03-T00-T03,3,0,3,4,0
S03-T00-T04,3,0,4,4,1
S03-T00-T05,3,0,5,4,1
S03-T00-T06,3,0,6,4,0
S03-T00-T07,3,0,7,4,1
S03-T00-T08,3,0,8,4,1
S03-T00-T09,3,0,9,4,1
S03-T00-T10,3,0,10,4,1
S03-T00-T11,3,0,11,4,0
S03-T01-T02,3,1,2,4,1
S03-T01-T03,3,1,3,4,1
S03-T01-T04,3,1,4,4,0
S03-T01-T05,3,1,5,4,1
S03-T01-T06,3,1,6,4,1
S03-T01-T07,3,1,7,4,1
S03-T01-T08,3,1,8,4,0
S03-T01-T09,3,1,9,4,1
S03-T01-T10,3,1,10,4,0
S03-T01-T11,3,1,11,4,0
S03-T02-T03,3,2,3,4,0
S03-T02-T04,3,2,4,4,1
S03-T02-T05,3,2,5,4,1
S03-T02-T06,3,2,6,4,1
S03-T02-T07,3,2,7,4,1
S03-T02-T08,3,2,8,4,1
S03-T02-T09,3,2,9,4,1
S03-T02-T10,3,2,10,4,1
S03-T02-T11,3,2,11,4,1
S03-T03-T04,3,3,4,4,1
S03-T03-T05,3,3,5,4,1
S03-T03-T06,3,3,6,4,1
S03-T03-T07,3,3,7,4,0
S03-T03-T08,3,3,8,4,1
S03-T03-T09,3,3,9,4,1
S03-T03-T10,3,3,10,4,1
S03-T03-T11,3,3,11,4,1
S03-T04-T05,3,4,5,4,0
S03-T04-T06,3,4,6,4,0
S03-T04-T07,3,4,7,4,1
S03-T04-T08,3,4,8,4,0
S03-T04-T09,3,4,9,4,0
S03-T04-T10,3,4,10,4,0
S03-T04-T11,3,4,11,4,0
S03-T05-T06,3,5,6,4,0
S03-T05-T07,3,5,7,4,1
S03-T05-T08,3,5,8,4,0
S03-T05-T09,3,5,9,4,0
S03-T05-T10,3,5,10,4,1
S03-T05-T11,3,5,11,4,1
S03-T06-T07,3,6,7,4,1
S03-T06-T08,3,6,8,4,0
S03-T06-T09,3,6,9,4,1
S03-T06-T10,3,6,10,4,0
S03-T06-T11,3,6,11,4,0
S03-T07-T08,3,7,8,4,1
S03-T07-T09,3,7,9,4,0
S03-T07-T10,3,7,10,4,1
S03-T07-T11,3,7,11,4,1
S03-T08-T09,3,8,9,4,0
S03-T08-T10,3,8,10,4,0
S03-T08-T11,3,8,11,4,0
S03-T09-T10,3,9,10,4,0
S03-T09-T11,3,9,11,4,0
S03-T10-T11,3,10,11,4,0
S04-T00-T01,4,0,1,5,1
S04-T00-T02,4,0,2,5,1
S04-T00-T03,4,0,3,5,0
S04-T00-T04,4,0,4,5,1
S04-T00-T05,4,0,5,5,1
S04-T00-T06,4,0,6,5,0
S04-T00-T07,4,0,7,5,1
S04-T00-T08,4,0,8,5,1
S04-T00-T09,4,0,9,5,1
S04-T00-T10,4,0,10,5,1
S04-T00-T11,4,0,11,5,1
S04-T01-T02,4,1,2,5,1
S04-T01-T03,4,1,3,5,1
S04-T01-T04,4,1,4,5,1
S04-T01-T05,4,1,5,5,1
S04-T01-T06,4,1,6,5,0
S04-T01-T07,4,1,7,5,1
S04-T01-T08,4,1,8,5,1
S04-T01-T09,4,1,9,5,1
S04-T01-T10,4,1,10,5,0
S04-T01-T11,4,1,11,5,0
S04-T02-T03,4,2,3,5,1
S04-T02-T04,4,2,4,5,1
S04-T02-T05,4,2,5,5,1
S04-T02-T06,4,2,6,5,1
S04-T02-T07,4,2,7,5,1
S04-T02-T08,4,2,8,5,1
S04-T02-T09,4,2,9,5,1
S04-T02-T10,4,2,10,5,0
S04-T02-T11,4,2,11,5,1
S04-T03-T04,4,3,4,5,1
S04-T03-T05,4,3,5,5,1
S04-T03-T06,4,3,6,5,1
S04-T03-T07,4,3,7,5,0
S04-T03-T08,4,3,8,5,1
S04-T03-T09,4,3,9,5,0
S04-T03-T10,4,3,10,5,0
S04-T03-T11,4,3,11,5,0
S04-T04-T05,4,4,5,5,0
S04-T04-T06,4,4,6,5,0
S04-T04-T07,4,4,7,5,0
S04-T04-T08,4,4,8,5,0
S04-T04-T09,4,4,9,5,1
S04-T04-T10,4,4,10,5,0
S04-T04-T11,4,4,11,5,0
S04-T05-T06,4,5,6,5,0
S04-T05-T07,4,5,7,5,0
S04-T05-T08,4,5,8,5,0
S04-T05-T09,4,5,9,5,0
S04-T05-T10,4,5,10,5,0
S04-T05-T11,4,5,11,5,1
S04-T06-T07,4,6,7,5,1
S04-T06-T08,4,6,8,5,1
S04-T06-T09,4,6,9,5,1
S04-T06-T10,4,6,10,5,0
S04-T06-T11,4,6,11,5,1
S04-T07-T08,4,7,8,5,1
S04-T07-T09,4,7,9,5,1
S04-T07-T10,4,7,10,5,0
S04-T07-T11,4,7,11,5,0
S04-T08-T09,4,8,9,5,0
S04-T08-T10,4,8,10,5,0
S04-T08-T11,4,8,11,5,0
S04-T09-T10,4,9,10,5,0
S04-T09-T11,4,9,11,5,0
S04-T10-T11,4,10,11,5,0
S05-T00-T01,5,0,1,6,1
S05-T00-T02,5,0,2,6,0
S05-T00-T03,5,0,3,6,1
S05-T00-T04,5,0,4,6,0
S05-T00-T05,5,0,5,6,1
S05-T00-T06,5,0,6,6,1
S05-T00-T07,5,0,7,6,0
S05-T00-T08,5,0,8,6,1
S05-T00-T09,5,0,9,6,0
S05-T00-T10,5,0,10,6,1
S05-T00-T11,5,0,11,6,0
S05-T01-T02,5,1,2,6,1
S05-T01-T03,5,1,3,6,0
S05-T01-T04,5,1,4,6,1
S05-T01-T05,5,1,5,6,1
S05-T01-T06,5,1,6,6,0
S05-T01-T07,5,1,7,6,1
S05-T01-T08,5,1,8,6,1
S05-T01-T09,5,1,9,6,0
S05-T01-T10,5,1,10,6,0
S05-T01-T11,5,1,11,6,0
S05-T02-T03,5,2,3,6,0
S05-T02-T04,5,2,4,6,0
S05-T02-T05,5,2,5,6,1
S05-T02-T06,5,2,6,6,1
S05-T02-T07,5,2,7,6,1
S05-T02-T08,5,2,8,6,1
S05-T02-T09,5,2,9,6,1
S05-T02-T10,5,2,10,6,0
S05-T02-T11,5,2,11,6,0
S05-T03-T04,5,3,4,6,1
S05-T03-T05,5,3,5,6,0
S05-T03-T06,5,3,6,6,0
S05-T03-T07,5,3,7,6,1
S05-T03-T08,5,3,8,6,1
S05-T03-T09,5,3,9,6,1
S05-T03-T10,5,3,10,6,1
S05-T03-T11,5,3,11,6,1
S05-T04-T05,5,4,5,6,0
S05-T04-T06,5,4,6,6,0
S05-T04-T07,5,4,7,6,0
S05-T04-T08,5,4,8,6,0
S05-T04-T09,5,4,9,6,0
S05-T04-T10,5,4,10,6,0
S05-T04-T11,5,4,11,6,0
S05-T05-T06,5,5,6,6,0
S05-T05-T07,5,5,7,6,1
S05-T05-T08,5,5,8,6,0
S05-T05-T09,5,5,9,6,0
S05-T05-T10,5,5,10,6,0
S05-T05-T11,5,5,11,6,1
S05-T06-T07,5,6,7,6,0
S05-T06-T08,5,6,8,6,1
S05-T06-T09,5,6,9,6,1
S05-T06-T10,5,6,10,6,0
S05-T06-T11,5,6,11,6,0
S05-T07-T08,5,7,8,6,1
S05-T07-T09,5,7,9,6,0
S05-T07-T10,5,7,10,6,0
S05-T07-T11,5,7,11,6,0
S05-T08-T09,5,8,9,6,0
S05-T08-T10,5,8,10,6,0
S05-T08-T11,5,8,11,6,0
S05-T09-T10,5,9,10,6,0
S05-T09-T11,5,9,11,6,0
S05-T10-T11,5,10,11,6,1
S06-T00-T01,6,0,1,7,1
S06-T00-T02,6,0,2,7,0
S06-T00-T03,6,0,3,7,0
S06-T00-T04,6,0,4,7,1
S06-T00-T05,6,0,5,7,1
S06-T00-T06,6,0,6,7,1
S06-T00-T07,6,0,7,7,0
S06-T00-T08,6,0,8,7,0
S06-T00-T09,6,0,9,7,1
S06-T00-T10,6,0,10,7,0
S06-T00-T11,6,0,11,7,1
S06-T01-T02,6,1,2,7,0
S06-T01-T03,6,1,3,7,0
S06-T01-T04,6,1,4,7,0
S06-T01-T05,6,1,5,7,0
S06-T01-T06,6,1,6,7,0
S06-T01-T07,6,1,7,7,1
S06-T01-T08,6,1,8,7,1
S06-T01-T09,6,1,9,7,1
S06-T01-T10,6,1,10,7,0
S06-T01-T11,6,1,11,7,0
S06-T02-T03,6,2,3,7,0
S06-T02-T04,6,2,4,7,0
S06-T02-T05,6,2,5,7,1
S06-T02-T06,6,2,6,7,0
S06-T02-T07,6,2,7,7,1
S06-T02-T08,6,2,8,7,1
S06-T02-T09,6,2,9,7,0
S06-T02-T10,6,2,10,7,0
S06-T02-T11,6,2,11,7,0
S06-T03-T04,6,3,4,7,1
S06-T03-T05,6,3,5,7,1
S06-T03-T06,6,3,6,7,1
S06-T03-T07,6,3,7,7,0
S06-T03-T08,6,3,8,7,0
S06-T03-T09,6,3,9,7,1
S06-T03-T10,6,3,10,7,1
S06-T03-T11,6,3,11,7,1
S06-T04-T05,6,4,5,7,0
S06-T04-T06,6,4,6,7,0
S06-T04-T07,6,4,7,7,0
S06-T04-T08,6,4,8,7,0
S06-T04-T09,6,4,9,7,0
S06-T04-T10,6,4,10,7,0
S06-T04-T11,6,4,11,7,0
S06-T05-T06,6,5,6,7,0
S06-T05-T07,6,5,7,7,0
S06-T05-T08,6,5,8,7,0
S06-T05-T09,6,5,9,7,0
S06-T05-T10,6,5,10,7,0
S06-T05-T11,6,5,11,7,1
S06-T06-T07,6,6,7,7,1
S06-T06-T08,6,6,8,7,1
S06-T06-T09,6,6,9,7,1
S06-T06-T10,6,6,10,7,1
S06-T06-T11,6,6,11,7,1
S06-T07-T08,6,7,8,7,1
S06-T07-T09,6,7,9,7,1
S06-T07-T10,6,7,10,7,0
S06-T07-T11,6,7,11,7,0
S06-T08-T09,6,8,9,7,0
S06-T08-T10,6,8,10,7,0
S06-T08-T11,6,8,11,7,0
S06-T09-T10,6,9,10,7,0
S06-T09-T11,6,9,11,7,0
S06-T10-T11,6,10,11,7,1
S07-T00-T01,7,0,1,8,1
S07-T00-T02,7,0,2,8,0
S07-T00-T03,7,0,3,8,0
S07-T00-T04,7,0,4,8,1
S07-T00-T05,7,0,5,8,0
S07-T00-T06,7,0,6,8,0
S07-T00-T07,7,0,7,8,0
S07-T00-T08,7,0,8,8,1
S07-T00-T09,7,0,9,8,0
S07-T00-T10,7,0,10,8,0
S07-T00-T11,7,0,11,8,0
S07-T01-T02,7,1,2,8,0
S07-T01-T03,7,1,3,8,0
S07-T01-T04,7,1,4,8,1
S07-T01-T05,7,1,5,8,1
S07-T01-T06,7,1,6,8,0
S07-T01-T07,7,1,7,8,1
S07-T01-T08,7,1,8,8,1
S07-T01-T09,7,1,9,8,1
S07-T01-T10,7,1,10,8,1
S07-T01-T11,7,1,11,8,0
S07-T02-T03,7,2,3,8,0
S07-T02-T04,7,2,4,8,1
S07-T02-T05,7,2,5,8,0
S07-T02-T06,7,2,6,8,0
S07-T02-T07,7,2,7,8,1
S07-T02-T08,7,2,8,8,1
S07-T02-T09,7,2,9,8,1
S07-T02-T10,7,2,10,8,1
S07-T02-T11,7,2,11,8,1
S07-T03-T04,7,3,4,8,0
S07-T03-T05,7,3,5,8,0
S07-T03-T06,7,3,6,8,0
S07-T03-T07,7,3,7,8,1
S07-T03-T08,7,3,8,8,1
S07-T03-T09,7,3,9,8,0
S07-T03-T10,7,3,10,8,1
S07-T03-T11,7,3,11,8,0
S07-T04-T05,7,4,5,8,1
S07-T04-T06,7,4,6,8,1
S07-T04-T07,7,4,7,8,0
S07-T04-T08,7,4,8,8,1
S07-T04-T09,7,4,9,8,1
S07-T04-T10,7,4,10,8,0
S07-T04-T11,7,4,11,8,0
S07-T05-T06,7,5,6,8,0
S07-T05-T07,7,5,7,8,0
S07-T05-T08,7,5,8,8,0
S07-T05-T09,7,5,9,8,1
S07-T05-T10,7,5,10,8,0
S07-T05-T11,7,5,11,8,0
S07-T06-T07,7,6,7,8,1
S07-T06-T08,7,6,8,8,0
S07-T06-T09,7,6,9,8,1
S07-T06-T10,7,6,10,8,0
S07-T06-T11,7,6,11,8,1
S07-T07-T08,7,7,8,8,1
S07-T07-T09,7,7,9,8,0
S07-T07-T10,7,7,10,8,1
S07-T07-T11,7,7,11,8,0
S07-T08-T09,7,8,9,8,1
S07-T08-T10,7,8,10,8,0
S07-T08-T11,7,8,11,8,0
S07-T09-T10,7,9,10,8,0
S07-T09-T11,7,9,11,8,1
S07-T10-T11,7,10,11,8,1
S08-T00-T01,8,0,1,9,0
S08-T00-T02,8,0,2,9,0
S08-T00-T03,8,0,3,9,0
S08-T00-T04,8,0,4,9,1
S08-T00-T05,8,0,5,9,0
S08-T00-T06,8,0,6,9,1
S08-T00-T07,8,0,7,9,0
S08-T00-T08,8,0,8,9,0
S08-T00-T09,8,0,9,9,1
S08-T00-T10,8,0,10,9,0
S08-T00-T11,8,0,11,9,0
S08-T01-T02,8,1,2,9,0
S08-T01-T03,8,1,3,9,1
S08-T01-T04,8,1,4,9,1
S08-T01-T05,8,1,5,9,1
S08-T01-T06,8,1,6,9,1
S08-T01-T07,8,1,7,9,0
S08-T01-T08,8,1,8,9,1
S08-T01-T09,8,1,9,9,1
S08-T01-T10,8,1,10,9,0
S08-T01-T11,8,1,11,9,1
S08-T02-T03,8,2,3,9,1
S08-T02-T04,8,2,4,9,1
S08-T02-T05,8,2,5,9,1
S08-T02-T06,8,2,6,9,0
S08-T02-T07,8,2,7,9,1
S08-T02-T08,8,2,8,9,1
S08-T02-T09,8,2,9,9,0
S08-T02-T10,8,2,10,9,0
S08-T02-T11,8,2,11,9,0
S08-T03-T04,8,3,4,9,0
S08-T03-T05,8,3,5,9,0
S08-T03-T06,8,3,6,9,0
S08-T03-T07,8,3,7,9,1
S08-T03-T08,8,3,8,9,0
S08-T03-T09,8,3,9,9,1
S08-T03-T10,8,3,10,9,0
S08-T03-T11,8,3,11,9,0
S08-T04-T05,8,4,5,9,0
S08-T04-T06,8,4,6,9,0
S08-T04-T07,8,4,7,9,1
S08-T04-T08,8,4,8,9,0
S08-T04-T09,8,4,9,9,0
S08-T04-T10,8,4,10,9,0
S08-T04-T11,8,4,11,9,1
S08-T05-T06,8,5,6,9,1
S08-T05-T07,8,5,7,9,0
S08-T05-T08,8,5,8,9,0
S08-T05-T09,8,5,9,9,0
S08-T05-T10,8,5,10,9,0
S08-T05-T11,8,5,11,9,0
S08-T06-T07,8,6,7,9,1
S08-T06-T08,8,6,8,9,0
S08-T06-T09,8,6,9,9,1
S08-T06-T10,8,6,10,9,0
S08-T06-T11,8,6,11,9,0
S08-T07-T08,8,7,8,9,0
S08-T07-T09,8,7,9,9,0
S08-T07-T10,8,7,10,9,1
S08-T07-T11,8,7,11,9,0
S08-T08-T09,8,8,9,9,1
S08-T08-T10,8,8,10,9,1
S08-T08-T11,8,8,11,9,0
S08-T09-T10,8,9,10,9,0
S08-T09-T11,8,9,11,9,0
S08-T10-T11,8,10,11,9,0
